Year,State,State_Code,Deaths,Pop,Crude_Rate
1999,Alabama,01,790,4430141,17.8
1999,Alaska,02,88,624779,14.1
1999,Arizona,04,822,5023823,16.4
1999,Arkansas,05,388,2651860,14.6
1999,California,06,3054,33499204,9.1
1999,Colorado,08,452,4226018,10.7
1999,Connecticut,09,199,3386401,5.9
1999,Delaware,10,68,774990,8.8
1999,District of Columbia,11,163,570213,28.6
1999,Florida,12,1721,15759421,10.9
1999,Georgia,13,1105,8045965,13.7
1999,Hawaii,15,42,1210300,3.5
1999,Idaho,16,151,1275674,11.8
1999,Illinois,17,1209,12359020,9.8
1999,Indiana,18,680,6044969,11.2
1999,Iowa,19,202,2917634,6.9
1999,Kansas,20,269,2678338,10
1999,Kentucky,21,525,4018053,13.1
1999,Louisiana,22,779,4460811,17.5
1999,Maine,23,113,1266808,8.9
1999,Maryland,24,657,5254509,12.5
1999,Massachusetts,25,195,6317345,3.1
1999,Michigan,26,1085,9897116,11
1999,Minnesota,27,296,4873481,6.1
1999,Mississippi,28,515,2828408,18.2
1999,Missouri,29,711,5561948,12.8
1999,Montana,30,123,897507,13.7
1999,Nebraska,31,146,1704764,8.6
1999,Nevada,32,375,1934718,19.4
1999,New Hampshire,33,71,1222014,5.8
1999,New Jersey,34,366,8359592,4.4
1999,New Mexico,35,290,1808082,16
1999,New York,36,1016,18882725,5.4
1999,North Carolina,37,1057,7949361,13.3
1999,North Dakota,38,49,644259,7.6
1999,Ohio,39,939,11335454,8.3
1999,Oklahoma,40,509,3437147,14.8
1999,Oregon,41,389,3393941,11.5
1999,Pennsylvania,42,1190,12263805,9.7
1999,Rhode Island,44,56,1040402,5.4
1999,South Carolina,45,552,3974682,13.9
1999,South Dakota,46,73,750412,9.7
1999,Tennessee,47,848,5638706,15
1999,Texas,48,2117,20558220,10.3
1999,Utah,49,192,2203482,8.7
1999,Vermont,50,57,604683,9.4
1999,Virginia,51,823,7000174,11.8
1999,Washington,53,585,5842564,10
1999,West Virginia,54,250,1811799,13.8
1999,Wisconsin,55,448,5332666,8.4
1999,Wyoming,56,74,491780,15
2000,Alabama,01,766,4447100,17.2
2000,Alaska,02,116,626932,18.5
2000,Arizona,04,796,5130632,15.5
2000,Arkansas,05,416,2673400,15.6
2000,California,06,3108,33871648,9.2
2000,Colorado,08,443,4301261,10.3
2000,Connecticut,09,179,3405565,5.3
2000,Delaware,10,52,783600,6.6
2000,District of Columbia,11,149,572059,26
2000,Florida,12,1692,15982378,10.6
2000,Georgia,13,1096,8186453,13.4
2000,Hawaii,15,52,1211537,4.3
2000,Idaho,16,127,1293953,9.8
2000,Illinois,17,1130,12419293,9.1
2000,Indiana,18,666,6080485,11
2000,Iowa,19,190,2926324,6.5
2000,Kansas,20,299,2688418,11.1
2000,Kentucky,21,542,4041769,13.4
2000,Louisiana,22,790,4468976,17.7
2000,Maine,23,112,1274923,8.8
2000,Maryland,24,617,5296486,11.6
2000,Massachusetts,25,176,6349097,2.8
2000,Michigan,26,1071,9938444,10.8
2000,Minnesota,27,312,4919479,6.3
2000,Mississippi,28,471,2844658,16.6
2000,Missouri,29,742,5595211,13.3
2000,Montana,30,134,902195,14.9
2000,Nebraska,31,168,1711263,9.8
2000,Nevada,32,341,1998257,17.1
2000,New Hampshire,33,79,1235786,6.4
2000,New Jersey,34,341,8414350,4.1
2000,New Mexico,35,291,1819046,16
2000,New York,36,1093,18976457,5.8
2000,North Carolina,37,1113,8049313,13.8
2000,North Dakota,38,43,642200,6.7
2000,Ohio,39,890,11353140,7.8
2000,Oklahoma,40,454,3450654,13.2
2000,Oregon,41,378,3421399,11
2000,Pennsylvania,42,1256,12281054,10.2
2000,Rhode Island,44,54,1048319,5.2
2000,South Carolina,45,499,4012012,12.4
2000,South Dakota,46,56,754844,7.4
2000,Tennessee,47,898,5689283,15.8
2000,Texas,48,2168,20851820,10.4
2000,Utah,49,193,2233169,8.6
2000,Vermont,50,55,608827,9
2000,Virginia,51,794,7078515,11.2
2000,Washington,53,523,5894121,8.9
2000,West Virginia,54,242,1808344,13.4
2000,Wisconsin,55,432,5363675,8.1
2000,Wyoming,56,58,493782,11.7
2001,Alabama,01,737,4467634,16.5
2001,Alaska,02,95,633714,15
2001,Arizona,04,842,5273477,16
2001,Arkansas,05,412,2691571,15.3
2001,California,06,3200,34479458,9.3
2001,Colorado,08,510,4425687,11.5
2001,Connecticut,09,191,3432835,5.6
2001,Delaware,10,76,795699,9.6
2001,District of Columbia,11,169,574504,29.4
2001,Florida,12,1816,16356966,11.1
2001,Georgia,13,1124,8377038,13.4
2001,Hawaii,15,47,1225948,3.8
2001,Idaho,16,175,1319962,13.3
2001,Illinois,17,1289,12488445,10.3
2001,Indiana,18,729,6127760,11.9
2001,Iowa,19,191,2931997,6.5
2001,Kansas,20,267,2702162,9.9
2001,Kentucky,21,524,4068132,12.9
2001,Louisiana,22,781,4477875,17.4
2001,Maine,23,98,1285692,7.6
2001,Maryland,24,607,5374691,11.3
2001,Massachusetts,25,194,6397634,3
2001,Michigan,26,1077,9991120,10.8
2001,Minnesota,27,324,4982796,6.5
2001,Mississippi,28,502,2852994,17.6
2001,Missouri,29,744,5641142,13.2
2001,Montana,30,160,906961,17.6
2001,Nebraska,31,140,1719836,8.1
2001,Nevada,32,345,2098399,16.4
2001,New Hampshire,33,91,1255517,7.2
2001,New Jersey,34,370,8492671,4.4
2001,New Mexico,35,274,1831690,15
2001,New York,36,1068,19082838,5.6
2001,North Carolina,37,1093,8210122,13.3
2001,North Dakota,38,47,639062,7.4
2001,Ohio,39,1029,11387404,9
2001,Oklahoma,40,489,3467100,14.1
2001,Oregon,41,358,3467937,10.3
2001,Pennsylvania,42,1172,12298970,9.5
2001,Rhode Island,44,46,1057142,4.4
2001,South Carolina,45,564,4064995,13.9
2001,South Dakota,46,54,757972,7.1
2001,Tennessee,47,845,5750789,14.7
2001,Texas,48,2350,21319622,11
2001,Utah,49,229,2283715,10
2001,Vermont,50,51,612223,8.3
2001,Virginia,51,771,7198362,10.7
2001,Washington,53,510,5985722,8.5
2001,West Virginia,54,251,1801481,13.9
2001,Wisconsin,55,475,5406835,8.8
2001,Wyoming,56,70,494657,14.2
2002,Alabama,01,724,4480089,16.2
2002,Alaska,02,127,642337,19.8
2002,Arizona,04,968,5396255,17.9
2002,Arkansas,05,441,2705927,16.3
2002,California,06,3410,34871843,9.8
2002,Colorado,08,517,4490406,11.5
2002,Connecticut,09,147,3458749,4.3
2002,Delaware,10,74,806169,9.2
2002,District of Columbia,11,195,573158,34
2002,Florida,12,1886,16689370,11.3
2002,Georgia,13,1133,8508256,13.3
2002,Hawaii,15,36,1239613,2.9
2002,Idaho,16,163,1340372,12.2
2002,Illinois,17,1231,12525556,9.8
2002,Indiana,18,723,6155967,11.7
2002,Iowa,19,201,2934234,6.9
2002,Kansas,20,268,2713535,9.9
2002,Kentucky,21,544,4089875,13.3
2002,Louisiana,22,876,4497267,19.5
2002,Maine,23,88,1295960,6.8
2002,Maryland,24,615,5440389,11.3
2002,Massachusetts,25,204,6417206,3.2
2002,Michigan,26,1092,10015710,10.9
2002,Minnesota,27,306,5018935,6.1
2002,Mississippi,28,492,2858681,17.2
2002,Missouri,29,696,5674825,12.3
2002,Montana,30,134,911667,14.7
2002,Nebraska,31,140,1728292,8.1
2002,Nevada,32,370,2173791,17
2002,New Hampshire,33,76,1269089,6
2002,New Jersey,34,415,8552643,4.9
2002,New Mexico,35,304,1855309,16.4
2002,New York,36,994,19137800,5.2
2002,North Carolina,37,1136,8326201,13.6
2002,North Dakota,38,58,638168,9.1
2002,Ohio,39,1069,11407889,9.4
2002,Oklahoma,40,452,3489080,13
2002,Oregon,41,374,3513424,10.6
2002,Pennsylvania,42,1220,12331031,9.9
2002,Rhode Island,44,55,1065995,5.2
2002,South Carolina,45,566,4107795,13.8
2002,South Dakota,46,61,760020,8
2002,Tennessee,47,905,5795918,15.6
2002,Texas,48,2301,21690325,10.6
2002,Utah,49,207,2324815,8.9
2002,Vermont,50,62,615442,10.1
2002,Virginia,51,806,7286873,11.1
2002,Washington,53,568,6052349,9.4
2002,West Virginia,54,271,1805414,15
2002,Wisconsin,55,446,5445162,8.2
2002,Wyoming,56,95,500017,19
2003,Alabama,01,765,4503491,17
2003,Alaska,02,120,648414,18.5
2003,Arizona,04,849,5510364,15.4
2003,Arkansas,05,413,2724816,15.2
2003,California,06,3468,35253159,9.8
2003,Colorado,08,501,4528732,11.1
2003,Connecticut,09,153,3484336,4.4
2003,Delaware,10,65,818003,7.9
2003,District of Columbia,11,167,568502,29.4
2003,Florida,12,1940,17004085,11.4
2003,Georgia,13,1173,8622793,13.6
2003,Hawaii,15,37,1251154,3
2003,Idaho,16,164,1363380,12
2003,Illinois,17,1146,12556006,9.1
2003,Indiana,18,696,6196638,11.2
2003,Iowa,19,208,2941999,7.1
2003,Kansas,20,304,2723004,11.2
2003,Kentucky,21,560,4117170,13.6
2003,Louisiana,22,847,4521042,18.7
2003,Maine,23,82,1306513,6.3
2003,Maryland,24,648,5496269,11.8
2003,Massachusetts,25,204,6422565,3.2
2003,Michigan,26,1030,10041152,10.3
2003,Minnesota,27,332,5053572,6.6
2003,Mississippi,28,477,2868312,16.6
2003,Missouri,29,657,5709403,11.5
2003,Montana,30,145,919630,15.8
2003,Nebraska,31,134,1738643,7.7
2003,Nevada,32,374,2248850,16.6
2003,New Hampshire,33,89,1279840,7
2003,New Jersey,34,458,8601402,5.3
2003,New Mexico,35,326,1877574,17.4
2003,New York,36,1034,19175939,5.4
2003,North Carolina,37,1055,8422501,12.5
2003,North Dakota,38,58,638817,9.1
2003,Ohio,39,934,11434788,8.2
2003,Oklahoma,40,449,3504892,12.8
2003,Oregon,41,395,3547376,11.1
2003,Pennsylvania,42,1230,12374658,9.9
2003,Rhode Island,44,35,1071342,3.3
2003,South Carolina,45,593,4150297,14.3
2003,South Dakota,46,76,763729,10
2003,Tennessee,47,837,5847812,14.3
2003,Texas,48,2432,22030931,11
2003,Utah,49,230,2360137,9.7
2003,Vermont,50,48,617858,7.8
2003,Virginia,51,811,7366977,11
2003,Washington,53,565,6104115,9.3
2003,West Virginia,54,265,1812295,14.6
2003,Wisconsin,55,468,5479203,8.5
2003,Wyoming,56,89,503453,17.7
2004,Alabama,01,679,4530729,15
2004,Alaska,02,117,659286,17.7
2004,Arizona,04,897,5652404,15.9
2004,Arkansas,05,406,2749686,14.8
2004,California,06,3316,35574576,9.3
2004,Colorado,08,553,4575013,12.1
2004,Connecticut,09,173,3496094,4.9
2004,Delaware,10,75,830803,9
2004,District of Columbia,11,143,567754,25.2
2004,Florida,12,1890,17415318,10.9
2004,Georgia,13,1062,8769252,12.1
2004,Hawaii,15,41,1273569,3.2
2004,Idaho,16,177,1391802,12.7
2004,Illinois,17,994,12589773,7.9
2004,Indiana,18,639,6233007,10.3
2004,Iowa,19,195,2953635,6.6
2004,Kansas,20,294,2734373,10.8
2004,Kentucky,21,551,4146101,13.3
2004,Louisiana,22,902,4552238,19.8
2004,Maine,23,108,1313688,8.2
2004,Maryland,24,656,5546935,11.8
2004,Massachusetts,25,206,6412281,3.2
2004,Michigan,26,1048,10055315,10.4
2004,Minnesota,27,363,5087713,7.1
2004,Mississippi,28,471,2889010,16.3
2004,Missouri,29,664,5747741,11.6
2004,Montana,30,125,930009,13.4
2004,Nebraska,31,119,1749370,6.8
2004,Nevada,32,392,2346222,16.7
2004,New Hampshire,33,69,1290121,5.3
2004,New Jersey,34,454,8634561,5.3
2004,New Mexico,35,289,1903808,15.2
2004,New York,36,951,19171567,5
2004,North Carolina,37,1055,8553152,12.3
2004,North Dakota,38,50,644705,7.8
2004,Ohio,39,1036,11452251,9
2004,Oklahoma,40,457,3525233,13
2004,Oregon,41,385,3569463,10.8
2004,Pennsylvania,42,1270,12410722,10.2
2004,Rhode Island,44,41,1074579,3.8
2004,South Carolina,45,574,4210921,13.6
2004,South Dakota,46,77,770396,10
2004,Tennessee,47,869,5910809,14.7
2004,Texas,48,2342,22394023,10.5
2004,Utah,49,225,2401580,9.4
2004,Vermont,50,61,619920,9.8
2004,Virginia,51,817,7475575,10.9
2004,Washington,53,569,6178645,9.2
2004,West Virginia,54,253,1816438,13.9
2004,Wisconsin,55,413,5514026,7.5
2004,Wyoming,56,56,509106,11
2005,Alabama,01,736,4569805,16.1
2005,Alaska,02,116,666946,17.4
2005,Arizona,04,934,5839077,16
2005,Arkansas,05,439,2781097,15.8
2005,California,06,3453,35827943,9.6
2005,Colorado,08,535,4631888,11.6
2005,Connecticut,09,187,3506956,5.3
2005,Delaware,10,75,845150,8.9
2005,District of Columbia,11,154,567136,27.2
2005,Florida,12,1838,17842038,10.3
2005,Georgia,13,1064,8925922,11.9
2005,Hawaii,15,28,1292729,2.2
2005,Idaho,16,195,1428241,13.7
2005,Illinois,17,1019,12609903,8.1
2005,Indiana,18,705,6278616,11.2
2005,Iowa,19,201,2964454,6.8
2005,Kansas,20,257,2745299,9.4
2005,Kentucky,21,548,4182742,13.1
2005,Louisiana,22,858,4576628,18.7
2005,Maine,23,109,1318787,8.3
2005,Maryland,24,657,5592379,11.7
2005,Massachusetts,25,224,6403290,3.5
2005,Michigan,26,1074,10051137,10.7
2005,Minnesota,27,361,5119598,7.1
2005,Mississippi,28,455,2905943,15.7
2005,Missouri,29,752,5790300,13
2005,Montana,30,161,940102,17.1
2005,Nebraska,31,135,1761497,7.7
2005,Nevada,32,390,2432143,16
2005,New Hampshire,33,88,1298492,6.8
2005,New Jersey,34,434,8651974,5
2005,New Mexico,35,267,1932274,13.8
2005,New York,36,1019,19132610,5.3
2005,North Carolina,37,1119,8705407,12.9
2005,North Dakota,38,61,646089,9.4
2005,Ohio,39,1116,11463320,9.7
2005,Oklahoma,40,468,3548597,13.2
2005,Oregon,41,402,3613202,11.1
2005,Pennsylvania,42,1352,12449990,10.9
2005,Rhode Island,44,39,1067916,3.7
2005,South Carolina,45,589,4270150,13.8
2005,South Dakota,46,82,775493,10.6
2005,Tennessee,47,976,5991057,16.3
2005,Texas,48,2490,22778123,10.9
2005,Utah,49,227,2457719,9.2
2005,Vermont,50,44,621215,7.1
2005,Virginia,51,888,7577105,11.7
2005,Washington,53,567,6257305,9.1
2005,West Virginia,54,261,1820492,14.3
2005,Wisconsin,55,474,5546166,8.5
2005,Wyoming,56,71,514157,13.8
2006,Alabama,01,780,4628981,16.9
2006,Alaska,02,111,675302,16.4
2006,Arizona,04,982,6029141,16.3
2006,Arkansas,05,426,2821761,15.1
2006,California,06,3363,36021202,9.3
2006,Colorado,08,497,4720423,10.5
2006,Connecticut,09,173,3517460,4.9
2006,Delaware,10,79,859268,9.2
2006,District of Columbia,11,134,570681,23.5
2006,Florida,12,2083,18166990,11.5
2006,Georgia,13,1144,9155813,12.5
2006,Hawaii,15,33,1309731,2.5
2006,Idaho,16,180,1468669,12.3
2006,Illinois,17,1036,12643955,8.2
2006,Indiana,18,742,6332669,11.7
2006,Iowa,19,193,2982644,6.5
2006,Kansas,20,299,2762931,10.8
2006,Kentucky,21,531,4219239,12.6
2006,Louisiana,22,831,4302665,19.3
2006,Maine,23,105,1323619,7.9
2006,Maryland,24,678,5627367,12
2006,Massachusetts,25,211,6410084,3.3
2006,Michigan,26,1157,10036081,11.5
2006,Minnesota,27,329,5163555,6.4
2006,Mississippi,28,475,2904978,16.4
2006,Missouri,29,767,5842704,13.1
2006,Montana,30,120,952692,12.6
2006,Nebraska,31,141,1772693,8
2006,Nevada,32,405,2522658,16.1
2006,New Hampshire,33,82,1308389,6.3
2006,New Jersey,34,492,8661679,5.7
2006,New Mexico,35,283,1962137,14.4
2006,New York,36,1002,19104631,5.2
2006,North Carolina,37,1133,8917270,12.7
2006,North Dakota,38,46,649422,7.1
2006,Ohio,39,1114,11481213,9.7
2006,Oklahoma,40,482,3594090,13.4
2006,Oregon,41,384,3670883,10.5
2006,Pennsylvania,42,1371,12510809,11
2006,Rhode Island,44,47,1063096,4.4
2006,South Carolina,45,616,4357847,14.1
2006,South Dakota,46,77,783033,9.8
2006,Tennessee,47,943,6088766,15.5
2006,Texas,48,2422,23359580,10.4
2006,Utah,49,224,2525507,8.9
2006,Vermont,50,54,622892,8.7
2006,Virginia,51,816,7673725,10.6
2006,Washington,53,546,6370753,8.6
2006,West Virginia,54,253,1827912,13.8
2006,Wisconsin,55,424,5577655,7.6
2006,Wyoming,56,80,522667,15.3
2007,Alabama,01,812,4672840,17.4
2007,Alaska,02,120,680300,17.6
2007,Arizona,04,951,6167681,15.4
2007,Arkansas,05,426,2848650,15
2007,California,06,3268,36250311,9
2007,Colorado,08,505,4803868,10.5
2007,Connecticut,09,149,3527270,4.2
2007,Delaware,10,79,871749,9.1
2007,District of Columbia,11,144,574404,25.1
2007,Florida,12,2272,18367842,12.4
2007,Georgia,13,1244,9349988,13.3
2007,Hawaii,15,36,1315675,2.7
2007,Idaho,16,187,1505105,12.4
2007,Illinois,17,1032,12695866,8.1
2007,Indiana,18,670,6379599,10.5
2007,Iowa,19,157,2999212,5.2
2007,Kansas,20,292,2783785,10.5
2007,Kentucky,21,612,4256672,14.4
2007,Louisiana,22,869,4375581,19.9
2007,Maine,23,107,1327040,8.1
2007,Maryland,24,678,5653408,12
2007,Massachusetts,25,235,6431559,3.7
2007,Michigan,26,1095,10001284,10.9
2007,Minnesota,27,344,5207203,6.6
2007,Mississippi,28,535,2928350,18.3
2007,Missouri,29,759,5887612,12.9
2007,Montana,30,139,964706,14.4
2007,Nebraska,31,142,1783440,8
2007,Nevada,32,414,2601072,15.9
2007,New Hampshire,33,78,1312540,5.9
2007,New Jersey,34,446,8677885,5.1
2007,New Mexico,35,295,1990070,14.8
2007,New York,36,985,19132335,5.1
2007,North Carolina,37,1116,9118037,12.2
2007,North Dakota,38,57,652822,8.7
2007,Ohio,39,1105,11500468,9.6
2007,Oklahoma,40,482,3634349,13.3
2007,Oregon,41,387,3722417,10.4
2007,Pennsylvania,42,1325,12563937,10.5
2007,Rhode Island,44,37,1057315,3.5
2007,South Carolina,45,592,4444110,13.3
2007,South Dakota,46,52,791623,6.6
2007,Tennessee,47,924,6175727,15
2007,Texas,48,2561,23831983,10.7
2007,Utah,49,253,2597746,9.7
2007,Vermont,50,52,623481,8.3
2007,Virginia,51,825,7751e3,10.6
2007,Washington,53,548,6461587,8.5
2007,West Virginia,54,267,1834052,14.6
2007,Wisconsin,55,488,5610775,8.7
2007,Wyoming,56,76,534876,14.2
2008,Alabama,01,820,4718206,17.4
2008,Alaska,02,142,687455,20.7
2008,Arizona,04,907,6280362,14.4
2008,Arkansas,05,444,2874554,15.4
2008,California,06,3171,36604337,8.7
2008,Colorado,08,513,4889730,10.5
2008,Connecticut,09,200,3545579,5.6
2008,Delaware,10,95,883874,10.7
2008,District of Columbia,11,137,580236,23.6
2008,Florida,12,2334,18527305,12.6
2008,Georgia,13,1177,9504843,12.4
2008,Hawaii,15,41,1332213,3.1
2008,Idaho,16,175,1534320,11.4
2008,Illinois,17,1105,12747038,8.7
2008,Indiana,18,723,6424806,11.3
2008,Iowa,19,224,3016734,7.4
2008,Kansas,20,277,2808076,9.9
2008,Kentucky,21,576,4289878,13.4
2008,Louisiana,22,822,4435586,18.5
2008,Maine,23,122,1330509,9.2
2008,Maryland,24,665,5684965,11.7
2008,Massachusetts,25,224,6468967,3.5
2008,Michigan,26,1081,9946889,10.9
2008,Minnesota,27,371,5247018,7.1
2008,Mississippi,28,568,2947806,19.3
2008,Missouri,29,818,5923916,13.8
2008,Montana,30,155,976415,15.9
2008,Nebraska,31,150,1796378,8.4
2008,Nevada,32,404,2653630,15.2
2008,New Hampshire,33,93,1315906,7.1
2008,New Jersey,34,429,8711090,4.9
2008,New Mexico,35,294,2010662,14.6
2008,New York,36,963,19212436,5
2008,North Carolina,37,1160,9309449,12.5
2008,North Dakota,38,59,657569,9
2008,Ohio,39,1115,11515391,9.7
2008,Oklahoma,40,513,3668976,14
2008,Oregon,41,385,3768748,10.2
2008,Pennsylvania,42,1345,12612285,10.7
2008,Rhode Island,44,44,1055003,4.2
2008,South Carolina,45,615,4528996,13.6
2008,South Dakota,46,83,799124,10.4
2008,Tennessee,47,985,6247411,15.8
2008,Texas,48,2598,24309039,10.7
2008,Utah,49,238,2663029,8.9
2008,Vermont,50,54,624151,8.7
2008,Virginia,51,817,7833496,10.4
2008,Washington,53,587,6562231,8.9
2008,West Virginia,54,239,1840310,13
2008,Wisconsin,55,443,5640996,7.9
2008,Wyoming,56,93,546043,17
2009,Alabama,01,830,4757938,17.4
2009,Alaska,02,104,698895,14.9
2009,Arizona,04,856,6343154,13.5
2009,Arkansas,05,465,2896843,16.1
2009,California,06,3094,36961229,8.4
2009,Colorado,08,583,4972195,11.7
2009,Connecticut,09,173,3561807,4.9
2009,Delaware,10,76,891730,8.5
2009,District of Columbia,11,111,592228,18.7
2009,Florida,12,2324,18652644,12.5
2009,Georgia,13,1247,9620846,13
2009,Hawaii,15,47,1346717,3.5
2009,Idaho,16,196,1554439,12.6
2009,Illinois,17,1058,12796778,8.3
2009,Indiana,18,735,6459325,11.4
2009,Iowa,19,193,3032870,6.4
2009,Kansas,20,303,2832704,10.7
2009,Kentucky,21,560,4317074,13
2009,Louisiana,22,810,4491648,18
2009,Maine,23,122,1329590,9.2
2009,Maryland,24,586,5730388,10.2
2009,Massachusetts,25,207,6517613,3.2
2009,Michigan,26,1095,9901591,11.1
2009,Minnesota,27,336,5281203,6.4
2009,Mississippi,28,487,2958774,16.5
2009,Missouri,29,822,5961088,13.8
2009,Montana,30,166,983982,16.9
2009,Nebraska,31,132,1812683,7.3
2009,Nevada,32,406,2684665,15.1
2009,New Hampshire,33,89,1316102,6.8
2009,New Jersey,34,411,8755602,4.7
2009,New Mexico,35,299,2036802,14.7
2009,New York,36,958,19307066,5
2009,North Carolina,37,1112,9449566,11.8
2009,North Dakota,38,59,664968,8.9
2009,Ohio,39,991,11528896,8.6
2009,Oklahoma,40,533,3717572,14.3
2009,Oregon,41,417,3808600,10.9
2009,Pennsylvania,42,1349,12666858,10.6
2009,Rhode Island,44,56,1053646,5.3
2009,South Carolina,45,634,4589872,13.8
2009,South Dakota,46,75,807067,9.3
2009,Tennessee,47,966,6306019,15.3
2009,Texas,48,2691,24801761,10.9
2009,Utah,49,260,2723421,9.5
2009,Vermont,50,60,624817,9.6
2009,Virginia,51,836,7925937,10.5
2009,Washington,53,623,6667426,9.3
2009,West Virginia,54,251,1847775,13.6
2009,Wisconsin,55,457,5669264,8.1
2009,Wyoming,56,96,559851,17.1
2010,Alabama,01,782,4779736,16.4
2010,Alaska,02,144,710231,20.3
2010,Arizona,04,931,6392017,14.6
2010,Arkansas,05,419,2915918,14.4
2010,California,06,2935,37253956,7.9
2010,Colorado,08,555,5029196,11
2010,Connecticut,09,209,3574097,5.8
2010,Delaware,10,88,897934,9.8
2010,District of Columbia,11,99,601723,16.5
2010,Florida,12,2268,18801310,12.1
2010,Georgia,13,1223,9687653,12.6
2010,Hawaii,15,45,1360301,3.3
2010,Idaho,16,198,1567582,12.6
2010,Illinois,17,1064,12830632,8.3
2010,Indiana,18,709,6483802,10.9
2010,Iowa,19,213,3046355,7
2010,Kansas,20,300,2853118,10.5
2010,Kentucky,21,555,4339367,12.8
2010,Louisiana,22,864,4533372,19.1
2010,Maine,23,113,1328361,8.5
2010,Maryland,24,538,5773552,9.3
2010,Massachusetts,25,270,6547629,4.1
2010,Michigan,26,1076,9883640,10.9
2010,Minnesota,27,365,5303925,6.9
2010,Mississippi,28,475,2967297,16
2010,Missouri,29,846,5988927,14.1
2010,Montana,30,164,989415,16.6
2010,Nebraska,31,152,1826341,8.3
2010,Nevada,32,395,2700551,14.6
2010,New Hampshire,33,118,1316470,9
2010,New Jersey,34,456,8791894,5.2
2010,New Mexico,35,301,2059179,14.6
2010,New York,36,1011,19378102,5.2
2010,North Carolina,37,1123,9535483,11.8
2010,North Dakota,38,65,672591,9.7
2010,Ohio,39,1148,11536504,10
2010,Oklahoma,40,538,3751351,14.3
2010,Oregon,41,458,3831074,12
2010,Pennsylvania,42,1307,12702379,10.3
2010,Rhode Island,44,49,1052567,4.7
2010,South Carolina,45,648,4625364,14
2010,South Dakota,46,75,814180,9.2
2010,Tennessee,47,932,6346105,14.7
2010,Texas,48,2714,25145561,10.8
2010,Utah,49,314,2763885,11.4
2010,Vermont,50,70,625741,11.2
2010,Virginia,51,875,8001024,10.9
2010,Washington,53,609,6724540,9.1
2010,West Virginia,54,273,1852994,14.7
2010,Wisconsin,55,501,5686986,8.8
2010,Wyoming,56,92,563626,16.3
2011,Alabama,01,785,4802740,16.3
2011,Alaska,02,126,722718,17.4
2011,Arizona,04,964,6482505,14.9
2011,Arkansas,05,462,2937979,15.7
2011,California,06,3004,37691912,8
2011,Colorado,08,573,5116796,11.2
2011,Connecticut,09,210,3580709,5.9
2011,Delaware,10,77,907135,8.5
2011,District of Columbia,11,86,617996,13.9
2011,Florida,12,2378,19057542,12.5
2011,Georgia,13,1232,9815210,12.6
2011,Hawaii,15,49,1374810,3.6
2011,Idaho,16,192,1584985,12.1
2011,Illinois,17,1114,12869257,8.7
2011,Indiana,18,638,6516922,9.8
2011,Iowa,19,220,3062309,7.2
2011,Kansas,20,329,2871238,11.5
2011,Kentucky,21,617,4369356,14.1
2011,Louisiana,22,865,4574836,18.9
2011,Maine,23,136,1328188,10.2
2011,Maryland,24,542,5828289,9.3
2011,Massachusetts,25,254,6587536,3.9
2011,Michigan,26,1156,9876187,11.7
2011,Minnesota,27,396,5344861,7.4
2011,Mississippi,28,530,2978512,17.8
2011,Missouri,29,854,6010688,14.2
2011,Montana,30,167,998199,16.7
2011,Nebraska,31,161,1842641,8.7
2011,Nevada,32,376,2723322,13.8
2011,New Hampshire,33,92,1318194,7
2011,New Jersey,34,482,8821155,5.5
2011,New Mexico,35,306,2082224,14.7
2011,New York,36,997,19465197,5.1
2011,North Carolina,37,1154,9656401,12
2011,North Dakota,38,61,683932,8.9
2011,Ohio,39,1227,11544951,10.6
2011,Oklahoma,40,628,3791508,16.6
2011,Oregon,41,420,3871859,10.8
2011,Pennsylvania,42,1438,12742886,11.3
2011,Rhode Island,44,33,1051302,3.1
2011,South Carolina,45,705,4679230,15.1
2011,South Dakota,46,71,824082,8.6
2011,Tennessee,47,948,6403353,14.8
2011,Texas,48,2599,25674681,10.1
2011,Utah,49,308,2817222,10.9
2011,Vermont,50,78,626431,12.5
2011,Virginia,51,868,8096604,10.7
2011,Washington,53,624,6830038,9.1
2011,West Virginia,54,278,1855364,15
2011,Wisconsin,55,445,5711767,7.8
2011,Wyoming,56,96,568158,16.9
2012,Alabama,01,831,4822023,17.2
2012,Alaska,02,132,731449,18
2012,Arizona,04,946,6553255,14.4
2012,Arkansas,05,490,2949131,16.6
2012,California,06,3068,38041430,8.1
2012,Colorado,08,672,5187582,13
2012,Connecticut,09,227,3590347,6.3
2012,Delaware,10,96,917092,10.5
2012,District of Columbia,11,68,632323,10.8
2012,Florida,12,2473,19317568,12.8
2012,Georgia,13,1286,9919945,13
2012,Hawaii,15,51,1392313,3.7
2012,Idaho,16,207,1595728,13
2012,Illinois,17,1178,12875255,9.1
2012,Indiana,18,800,6537334,12.2
2012,Iowa,19,217,3074186,7.1
2012,Kansas,20,377,2885905,13.1
2012,Kentucky,21,655,4380415,15
2012,Louisiana,22,845,4601893,18.4
2012,Maine,23,130,1329192,9.8
2012,Maryland,24,589,5884563,10
2012,Massachusetts,25,233,6646144,3.5
2012,Michigan,26,1222,9883360,12.4
2012,Minnesota,27,382,5379139,7.1
2012,Mississippi,28,535,2984926,17.9
2012,Missouri,29,882,6021988,14.6
2012,Montana,30,171,1005141,17
2012,Nebraska,31,167,1855525,9
2012,Nevada,32,360,2758931,13
2012,New Hampshire,33,117,1320718,8.9
2012,New Jersey,34,444,8864590,5
2012,New Mexico,35,323,2085538,15.5
2012,New York,36,977,19570261,5
2012,North Carolina,37,1175,9752073,12
2012,North Dakota,38,73,699628,10.4
2012,Ohio,39,1263,11544225,10.9
2012,Oklahoma,40,619,3814820,16.2
2012,Oregon,41,443,3899353,11.4
2012,Pennsylvania,42,1453,12763536,11.4
2012,Rhode Island,44,42,1050292,4
2012,South Carolina,45,743,4723723,15.7
2012,South Dakota,46,84,833354,10.1
2012,Tennessee,47,995,6456243,15.4
2012,Texas,48,2743,26059203,10.5
2012,Utah,49,324,2855287,11.3
2012,Vermont,50,56,626011,8.9
2012,Virginia,51,840,8185867,10.3
2012,Washington,53,681,6897012,9.9
2012,West Virginia,54,278,1855413,15
2012,Wisconsin,55,483,5726398,8.4
2012,Wyoming,56,117,576412,20.3
2013,Alabama,01,860,4833722,17.8
2013,Alaska,02,144,735132,19.6
2013,Arizona,04,941,6626624,14.2
2013,Arkansas,05,501,2959373,16.9
2013,California,06,3026,38332521,7.9
2013,Colorado,08,619,5268367,11.7
2013,Connecticut,09,161,3596080,4.5
2013,Delaware,10,100,925749,10.8
2013,District of Columbia,11,71,646449,11
2013,Florida,12,2442,19552860,12.5
2013,Georgia,13,1262,9992167,12.6
2013,Hawaii,15,38,1404054,2.7
2013,Idaho,16,227,1612136,14.1
2013,Illinois,17,1117,12882135,8.7
2013,Indiana,18,857,6570902,13
2013,Iowa,19,253,3090416,8.2
2013,Kansas,20,331,2893957,11.4
2013,Kentucky,21,622,4395295,14.2
2013,Louisiana,22,886,4625470,19.2
2013,Maine,23,158,1328302,11.9
2013,Maryland,24,578,5928814,9.7
2013,Massachusetts,25,213,6692824,3.2
2013,Michigan,26,1190,9895622,12
2013,Minnesota,27,427,5420380,7.9
2013,Mississippi,28,525,2991207,17.6
2013,Missouri,29,880,6044171,14.6
2013,Montana,30,172,1015165,16.9
2013,Nebraska,31,168,1868516,9
2013,Nevada,32,395,2790136,14.2
2013,New Hampshire,33,93,1323459,7
2013,New Jersey,34,506,8899339,5.7
2013,New Mexico,35,326,2085287,15.6
2013,New York,36,863,19651127,4.4
2013,North Carolina,37,1223,9848060,12.4
2013,North Dakota,38,86,723393,11.9
2013,Ohio,39,1289,11570808,11.1
2013,Oklahoma,40,632,3850568,16.4
2013,Oregon,41,462,3930065,11.8
2013,Pennsylvania,42,1451,12773801,11.4
2013,Rhode Island,44,56,1051511,5.3
2013,South Carolina,45,745,4774839,15.6
2013,South Dakota,46,80,844877,9.5
2013,Tennessee,47,1030,6495978,15.9
2013,Texas,48,2778,26448193,10.5
2013,Utah,49,339,2900872,11.7
2013,Vermont,50,65,626630,10.4
2013,Virginia,51,864,8260405,10.5
2013,Washington,53,632,6971406,9.1
2013,West Virginia,54,280,1854304,15.1
2013,Wisconsin,55,570,5742713,9.9
2013,Wyoming,56,102,582658,17.5
2014,Alabama,01,815,4849377,16.8
2014,Alaska,02,145,736732,19.7
2014,Arizona,04,927,6731484,13.8
2014,Arkansas,05,496,2966369,16.7
2014,California,06,2942,38802500,7.6
2014,Colorado,08,663,5355866,12.4
2014,Connecticut,09,187,3596677,5.2
2014,Delaware,10,102,935614,10.9
2014,District of Columbia,11,86,658893,13.1
2014,Florida,12,2410,19893297,12.1
2014,Georgia,13,1391,10097343,13.8
2014,Hawaii,15,40,1419561,2.8
2014,Idaho,16,213,1634464,13
2014,Illinois,17,1179,12880580,9.2
2014,Indiana,18,818,6596855,12.4
2014,Iowa,19,241,3107126,7.8
2014,Kansas,20,329,2904021,11.3
2014,Kentucky,21,634,4413457,14.4
2014,Louisiana,22,896,4649676,19.3
2014,Maine,23,133,1330089,10
2014,Maryland,24,546,5976407,9.1
2014,Massachusetts,25,226,6745408,3.4
2014,Michigan,26,1095,9909877,11
2014,Minnesota,27,377,5457173,6.9
2014,Mississippi,28,547,2994079,18.3
2014,Missouri,29,943,6063589,15.6
2014,Montana,30,172,1023579,16.8
2014,Nebraska,31,179,1881503,9.5
2014,Nevada,32,429,2839099,15.1
2014,New Hampshire,33,122,1326813,9.2
2014,New Jersey,34,468,8938175,5.2
2014,New Mexico,35,340,2085572,16.3
2014,New York,36,875,19746227,4.4
2014,North Carolina,37,1206,9943964,12.1
2014,North Dakota,38,96,739482,13
2014,Ohio,39,1211,11594163,10.4
2014,Oklahoma,40,611,3878051,15.8
2014,Oregon,41,497,3970239,12.5
2014,Pennsylvania,42,1390,12787209,10.9
2014,Rhode Island,44,34,1055173,3.2
2014,South Carolina,45,767,4832482,15.9
2014,South Dakota,46,89,853175,10.4
2014,Tennessee,47,1016,6549352,15.5
2014,Texas,48,2848,26956958,10.6
2014,Utah,49,337,2942902,11.5
2014,Vermont,50,69,626562,11
2014,Virginia,51,889,8326289,10.7
2014,Washington,53,702,7061530,9.9
2014,West Virginia,54,286,1850326,15.5
2014,Wisconsin,55,487,5757564,8.5
2014,Wyoming,56,93,584153,15.9
2015,Alabama,01,958,4858979,19.7
2015,Alaska,02,177,738432,24
2015,Arizona,04,970,6828065,14.2
2015,Arkansas,05,520,2978204,17.5
2015,California,06,3095,39144818,7.9
2015,Colorado,08,701,5456574,12.8
2015,Connecticut,09,189,3590886,5.3
2015,Delaware,10,112,945934,11.8
2015,District of Columbia,11,120,672228,17.9
2015,Florida,12,2559,20271272,12.6
2015,Georgia,13,1448,10214860,14.2
2015,Hawaii,15,55,1431603,3.8
2015,Idaho,16,247,1654930,14.9
2015,Illinois,17,1220,12859995,9.5
2015,Indiana,18,846,6619680,12.8
2015,Iowa,19,247,3123899,7.9
2015,Kansas,20,330,2911641,11.3
2015,Kentucky,21,694,4425092,15.7
2015,Louisiana,22,952,4670724,20.4
2015,Maine,23,144,1329328,10.8
2015,Maryland,24,708,6006401,11.8
2015,Massachusetts,25,213,6794422,3.1
2015,Michigan,26,1164,9922576,11.7
2015,Minnesota,27,410,5489594,7.5
2015,Mississippi,28,589,2992333,19.7
2015,Missouri,29,1094,6083672,18
2015,Montana,30,205,1032949,19.8
2015,Nebraska,31,169,1896190,8.9
2015,Nevada,32,446,2890845,15.4
2015,New Hampshire,33,121,1330608,9.1
2015,New Jersey,34,475,8958013,5.3
2015,New Mexico,35,390,2085109,18.7
2015,New York,36,849,19795791,4.3
2015,North Carolina,37,1289,10042802,12.8
2015,North Dakota,38,92,756927,12.2
2015,Ohio,39,1397,11613423,12
2015,Oklahoma,40,706,3911338,18.1
2015,Oregon,41,486,4028977,12.1
2015,Pennsylvania,42,1485,12802503,11.6
2015,Rhode Island,44,51,1056298,4.8
2015,South Carolina,45,850,4896146,17.4
2015,South Dakota,46,96,858469,11.2
2015,Tennessee,47,1075,6600299,16.3
2015,Texas,48,3203,27469114,11.7
2015,Utah,49,367,2995919,12.2
2015,Vermont,50,70,626042,11.2
2015,Virginia,51,946,8382993,11.3
2015,Washington,53,718,7170351,10
2015,West Virginia,54,278,1844128,15.1
2015,Wisconsin,55,613,5771337,10.6
2015,Wyoming,56,113,586107,19.3
2016,Alabama,01,1046,4863300,21.5
2016,Alaska,02,177,741894,23.9
2016,Arizona,04,1094,6931071,15.8
2016,Arkansas,05,541,2988248,18.1
2016,California,06,3184,39250017,8.1
2016,Colorado,08,812,5540545,14.7
2016,Connecticut,09,172,3576452,4.8
2016,Delaware,10,111,952065,11.7
2016,District of Columbia,11,107,681170,15.7
2016,Florida,12,2704,20612439,13.1
2016,Georgia,13,1571,10310371,15.2
2016,Hawaii,15,66,1428557,4.6
2016,Idaho,16,242,1683140,14.4
2016,Illinois,17,1490,12801539,11.6
2016,Indiana,18,997,6633053,15
2016,Iowa,19,288,3134693,9.2
2016,Kansas,20,383,2907289,13.2
2016,Kentucky,21,772,4436974,17.4
2016,Louisiana,22,987,4681666,21.1
2016,Maine,23,123,1331479,9.2
2016,Maryland,24,707,6016447,11.8
2016,Massachusetts,25,242,6811779,3.6
2016,Michigan,26,1230,9928300,12.4
2016,Minnesota,27,432,5519952,7.8
2016,Mississippi,28,587,2988726,19.6
2016,Missouri,29,1144,6093e3,18.8
2016,Montana,30,194,1042520,18.6
2016,Nebraska,31,171,1907116,9
2016,Nevada,32,498,2940058,16.9
2016,New Hampshire,33,132,1334795,9.9
2016,New Jersey,34,485,8944469,5.4
2016,New Mexico,35,383,2081015,18.4
2016,New York,36,900,19745289,4.6
2016,North Carolina,37,1409,10146788,13.9
2016,North Dakota,38,90,757952,11.9
2016,Ohio,39,1524,11614373,13.1
2016,Oklahoma,40,766,3923561,19.5
2016,Oregon,41,513,4093465,12.5
2016,Pennsylvania,42,1555,12784227,12.2
2016,Rhode Island,44,49,1056426,4.6
2016,South Carolina,45,891,4961119,18
2016,South Dakota,46,108,865454,12.5
2016,Tennessee,47,1148,6651194,17.3
2016,Texas,48,3353,27862596,12
2016,Utah,49,370,3051217,12.1
2016,Vermont,50,78,624594,12.5
2016,Virginia,51,1049,8411808,12.5
2016,Washington,53,686,7288e3,9.4
2016,West Virginia,54,332,1831102,18.1
2016,Wisconsin,55,664,5778708,11.5
2016,Wyoming,56,101,585501,17.3
